{
  "mode": "analyze",
  "threshold": 0.5,
  "input":
  {
    "dataset_class": "iceberg.iceberg_dataset.IcebergDataSet",
    "dataset": "../output/15_reocurring_gradual_drift_aggressive.json",
    "base_dataset": "../output/merged_dataset.json",
    "model": "../output/trained_model",
    "ts_model": "../output/trained_model_ts"
  },
  "output":
  {
    "predictions_output": "../output/15_reocurring_gradual_aggressive_0-6_predictions.json",
    "metrics_output": "../output/15_reocurring_gradual_aggressive_0-6_metrics.json"
  },
  "time_interval":
  {
    "starting_interval": "2022-05-21",
    "interval_unit": "D"
  },
  "metrics":
  [
    {
      "name": "Kullback-Leibler Divergence",
      "type": "DistanceMetric",
      "module": "kl_divergence",
      "params":
      {
        "distribution": "normal",
        "range_start": -1,
        "range_end": 1000,
        "range_step": 1
      }
    },
    {
      "name": "Hellinger Distance",
      "type": "DistanceMetric",
      "module": "hellinger",
      "params":
      {
        "distribution": "normal",
        "range_start": -1,
        "range_end": 1000,
        "range_step": 1
      }
    },
    {
      "name": "Total Variation Distance",
      "type": "DistanceMetric",
      "module": "tvd",
      "params":
      {
        "distribution": "normal",
        "range_start": -1,
        "range_end": 1000,
        "range_step": 1
      }
    },
    {
      "name": "Kolmogorov-Smirnov Statistic",
      "type": "ErrorMetric",
      "module": "kolmogorov_smirnov"
    },
    {
      "name": "Wasserstein Distance",
      "type": "DistanceMetric",
      "module": "wasserstein",
      "params":
      {
        "distribution": "normal",
        "range_start": -1,
        "range_end": 1000,
        "range_step": 1
      }
    },
    {
      "name": "Energy Distance",
      "type": "DistanceMetric",
      "module": "energy",
      "params":
      {
        "distribution": "normal",
        "range_start": -1,
        "range_end": 1000,
        "range_step": 1
      }
    },
    {
      "name": "Z Test / Student's t",
      "type": "ErrorMetric",
      "module": "z_test"
    }
  ]
}

